image_file,grade
10__1016897- HFpEF liver 8N (1)_009.jpg,1
11__1016897- HFpEF liver 8N (1)_010.jpg,1
12__1016897- HFpEF liver 8N (1)_011.jpg,1
13__1016897- HFpEF liver 8N (1)_012.jpg,1
14__1016897- HFpEF liver 8N (1)_013.jpg,1
15__1016897- HFpEF liver 8N (1)_014.jpg,1
2__1016897- HFpEF liver 8N (1)_001.jpg,1
3__1016897- HFpEF liver 8N (1)_002.jpg,1
4__1016897- HFpEF liver 8N (1)_003.jpg,1
5__1016897- HFpEF liver 8N (1)_004.jpg,1
6__1016897- HFpEF liver 8N (1)_005.jpg,1
7__1016897- HFpEF liver 8N (1)_006.jpg,1
8__1016897- HFpEF liver 8N (1)_007.jpg,1
9__1016897- HFpEF liver 8N (1)_008.jpg,1
_1016895-- HFpEF liver mouse 8RR-L (3).jpg,1
_1016895-- HFpEF liver mouse 8RR-L (3)_001.jpg,1
_1016895-- HFpEF liver mouse 8RR-L (3)_002.jpg,1
_1016895-- HFpEF liver mouse 8RR-L (3)_003.jpg,1
_1016895-- HFpEF liver mouse 8RR-L (3)_004.jpg,1
_1016895-- HFpEF liver mouse 8RR-L (3)_005.jpg,1
_1016895-- HFpEF liver mouse 8RR-L (3)_006.jpg,1
_1016895-- HFpEF liver mouse 8RR-L (3)_007.jpg,1
_1016895-- HFpEF liver mouse 8RR-L (3)_008.jpg,1
_1016895-- HFpEF liver mouse 8RR-L (3)_009.jpg,1
_1016895-- HFpEF liver mouse 8RR-L (3)_010.jpg,1
_1016895-- HFpEF liver mouse 8RR-L (3)_011.jpg,1
_1016895-- HFpEF liver mouse 8RR-L (3)_012.jpg,1
_1016895-- HFpEF liver mouse 8RR-L (3)_013.jpg,1
_1016895-- HFpEF liver mouse 8RR-L (3)_014.jpg,1
_1016895-- HFpEF liver mouse 8RR-L (3)_015.jpg,1
_1016895-- HFpEF liver mouse 8RR-L (3)_016.jpg,1
_1016895-- HFpEF liver mouse 8RR-L (3)_017.jpg,1
_1016895-- HFpEF liver mouse 8RR-L (3)_018.jpg,1
_1016895-- HFpEF liver mouse 8RR-L (3)_019.jpg,1
_1016895-- HFpEF liver mouse 8RR-L (3)_020.jpg,1
_1016895-- HFpEF liver mouse 8RR-L (3)_021.jpg,1
_1016895-- HFpEF liver mouse 8RR-L (3)_022.jpg,1
_1016895-- HFpEF liver mouse 8RR-L (3)_023.jpg,1
_1016896-- HFpEF liver mouse 8D-L_013.jpg,1
_1016896-- HFpEF liver mouse 8D-L_014.jpg,1
_1016896-- HFpEF liver mouse 8D-L_015.jpg,1
_1016896-- HFpEF liver mouse 8D-L_016.jpg,1
_1016896-- HFpEF liver mouse 8D-L_017.jpg,1
_1016896-- HFpEF liver mouse 8D-L_018.jpg,1
_1016896-- HFpEF liver mouse 8D-L_019.jpg,1
_1016896-- HFpEF liver mouse 8D-L_020.jpg,1
_1016896-- HFpEF liver mouse 8D-L_021.jpg,1
_1016896-- HFpEF liver mouse 8D-L_022.jpg,1
_1016896-- HFpEF liver mouse 8D-L_023.jpg,1
_1016896-- HFpEF liver mouse 8D-L_024.jpg,1
_1016896-- HFpEF liver mouse 8D-L_025.jpg,1
_1016896-- HFpEF liver mouse 8D-L_026.jpg,1
_1016896-- HFpEF liver mouse 8D-L_027.jpg,1
_1016896-- HFpEF liver mouse 8D-L_028.jpg,1
_1016897- HFpEF liver 8N (1).jpg,1
_1016898-- HFpEF liver mouse 8L-L_021.jpg,1
_1016898-- HFpEF liver mouse 8L-L_022.jpg,1
_1016898-- HFpEF liver mouse 8L-L_023.jpg,1
_1016898-- HFpEF liver mouse 8L-L_024.jpg,1
_1016898-- HFpEF liver mouse 8L-L_025.jpg,1
_1016898-- HFpEF liver mouse 8L-L_026.jpg,1
_1016898-- HFpEF liver mouse 8L-L_027.jpg,1
_1016898-- HFpEF liver mouse 8L-L_028.jpg,1
_1016898-- HFpEF liver mouse 8L-L_030.jpg,1
_1016898-- HFpEF liver mouse 8L-L_032.jpg,1
_1016898-- HFpEF liver mouse 8L-L_034.jpg,1
_1016898-- HFpEF liver mouse 8L-L_2.jpg,1
_1016898-- HFpEF liver mouse 8L-L_5.jpg,1
_1016898-- HFpEF liver mouse 8L-L_7.jpg,1
_1016900-- HFpEF liver mouse 7RR-L-1.jpg,1
_1016900-- HFpEF liver mouse 7RR-L-10.jpg,1
_1016900-- HFpEF liver mouse 7RR-L-11.jpg,1
_1016900-- HFpEF liver mouse 7RR-L-12.jpg,1
_1016900-- HFpEF liver mouse 7RR-L-13.jpg,1
_1016900-- HFpEF liver mouse 7RR-L-14.jpg,1
_1016900-- HFpEF liver mouse 7RR-L-15.jpg,1
_1016900-- HFpEF liver mouse 7RR-L-16.jpg,1
_1016900-- HFpEF liver mouse 7RR-L-17.jpg,1
_1016900-- HFpEF liver mouse 7RR-L-18.jpg,1
_1016900-- HFpEF liver mouse 7RR-L-19.jpg,1
_1016900-- HFpEF liver mouse 7RR-L-2.jpg,1
_1016900-- HFpEF liver mouse 7RR-L-20.jpg,1
_1016900-- HFpEF liver mouse 7RR-L-21.jpg,1
_1016900-- HFpEF liver mouse 7RR-L-22.jpg,1
_1016900-- HFpEF liver mouse 7RR-L-23.jpg,1
_1016900-- HFpEF liver mouse 7RR-L-24.jpg,1
_1016900-- HFpEF liver mouse 7RR-L-3.jpg,1
_1016900-- HFpEF liver mouse 7RR-L-4.jpg,1
_1016900-- HFpEF liver mouse 7RR-L-5.jpg,1
_1016900-- HFpEF liver mouse 7RR-L-6.jpg,1
_1016900-- HFpEF liver mouse 7RR-L-7.jpg,1
_1016900-- HFpEF liver mouse 7RR-L-8.jpg,1
_1016900-- HFpEF liver mouse 7RR-L-9.jpg,1
_1016900-- HFpEF liver mouse 7RR-L_001-25.jpg,1
_1016900-- HFpEF liver mouse 7RR-L_001-26.jpg,1
_1016900-- HFpEF liver mouse 7RR-L_001-27.jpg,1
_1016900-- HFpEF liver mouse 7RR-L_001-28.jpg,1
_1016900-- HFpEF liver mouse 7RR-L_001-29.jpg,1
_1016900-- HFpEF liver mouse 7RR-L_001-30.jpg,1
_1016900-- HFpEF liver mouse 7RR-L_001-31.jpg,1
_1016900-- HFpEF liver mouse 7RR-L_001-32.jpg,1
_1016900-- HFpEF liver mouse 7RR-L_001-33.jpg,1
_1016900-- HFpEF liver mouse 7RR-L_001-34.jpg,1
_1016900-- HFpEF liver mouse 7RR-L_001-35.jpg,1
_1016900-- HFpEF liver mouse 7RR-L_001-36.jpg,1
_1016901-- HFpEF liver mouse 7D-L-1.jpg,1
_1016901-- HFpEF liver mouse 7D-L-11.jpg,1
_1016901-- HFpEF liver mouse 7D-L-12.jpg,1
_1016901-- HFpEF liver mouse 7D-L-13.jpg,1
_1016901-- HFpEF liver mouse 7D-L-14.jpg,1
_1016901-- HFpEF liver mouse 7D-L-15.jpg,1
_1016901-- HFpEF liver mouse 7D-L-16.jpg,1
_1016901-- HFpEF liver mouse 7D-L-17.jpg,1
_1016901-- HFpEF liver mouse 7D-L-18.jpg,1
_1016901-- HFpEF liver mouse 7D-L-19.jpg,1
_1016901-- HFpEF liver mouse 7D-L-2.jpg,1
_1016901-- HFpEF liver mouse 7D-L-20.jpg,1
_1016901-- HFpEF liver mouse 7D-L-21.jpg,1
_1016901-- HFpEF liver mouse 7D-L-22.jpg,1
_1016901-- HFpEF liver mouse 7D-L-23.jpg,1
_1016901-- HFpEF liver mouse 7D-L-24.jpg,1
_1016901-- HFpEF liver mouse 7D-L-25.jpg,1
_1016901-- HFpEF liver mouse 7D-L-26.jpg,1
_1016901-- HFpEF liver mouse 7D-L-27.jpg,1
_1016901-- HFpEF liver mouse 7D-L-28.jpg,1
_1016901-- HFpEF liver mouse 7D-L-29.jpg,1
_1016901-- HFpEF liver mouse 7D-L-3.jpg,1
_1016901-- HFpEF liver mouse 7D-L-30.jpg,1
_1016901-- HFpEF liver mouse 7D-L-31.jpg,1
_1016901-- HFpEF liver mouse 7D-L-32.jpg,1
_1016901-- HFpEF liver mouse 7D-L-4.jpg,1
_1016901-- HFpEF liver mouse 7D-L-5.jpg,1
_1016901-- HFpEF liver mouse 7D-L-6.jpg,1
_1016901-- HFpEF liver mouse 7D-L-7.jpg,1
_1016901-- HFpEF liver mouse 7D-L-8.jpg,1
_1016901-- HFpEF liver mouse 7D-L-9.jpg,1
_1016902-- HFpEF liver mouse 7N-L-1.jpg,1
_1016902-- HFpEF liver mouse 7N-L-10.jpg,1
_1016902-- HFpEF liver mouse 7N-L-11.jpg,1
_1016902-- HFpEF liver mouse 7N-L-12.jpg,1
_1016902-- HFpEF liver mouse 7N-L-13.jpg,1
_1016902-- HFpEF liver mouse 7N-L-14.jpg,1
_1016902-- HFpEF liver mouse 7N-L-15.jpg,1
_1016902-- HFpEF liver mouse 7N-L-16.jpg,1
_1016902-- HFpEF liver mouse 7N-L-17.jpg,1
_1016902-- HFpEF liver mouse 7N-L-18.jpg,1
_1016902-- HFpEF liver mouse 7N-L-19.jpg,1
_1016902-- HFpEF liver mouse 7N-L-2.jpg,1
_1016902-- HFpEF liver mouse 7N-L-20.jpg,1
_1016902-- HFpEF liver mouse 7N-L-21.jpg,1
_1016902-- HFpEF liver mouse 7N-L-22.jpg,1
_1016902-- HFpEF liver mouse 7N-L-23.jpg,1
_1016902-- HFpEF liver mouse 7N-L-24.jpg,1
_1016902-- HFpEF liver mouse 7N-L-25.jpg,1
_1016902-- HFpEF liver mouse 7N-L-26.jpg,1
_1016902-- HFpEF liver mouse 7N-L-27.jpg,1
_1016902-- HFpEF liver mouse 7N-L-28.jpg,1
_1016902-- HFpEF liver mouse 7N-L-29.jpg,1
_1016902-- HFpEF liver mouse 7N-L-3.jpg,1
_1016902-- HFpEF liver mouse 7N-L-30.jpg,1
_1016902-- HFpEF liver mouse 7N-L-31.jpg,1
_1016902-- HFpEF liver mouse 7N-L-32.jpg,1
_1016902-- HFpEF liver mouse 7N-L-33.jpg,1
_1016902-- HFpEF liver mouse 7N-L-34.jpg,1
_1016902-- HFpEF liver mouse 7N-L-35.jpg,1
_1016902-- HFpEF liver mouse 7N-L-4.jpg,1
_1016902-- HFpEF liver mouse 7N-L-5.jpg,1
_1016902-- HFpEF liver mouse 7N-L-6.jpg,1
_1016902-- HFpEF liver mouse 7N-L-7.jpg,1
_1016902-- HFpEF liver mouse 7N-L-8.jpg,1
_1016902-- HFpEF liver mouse 7N-L-9.jpg,1
_1016903-- HFpEF liver mouse 7L-L-1.jpg,1
_1016903-- HFpEF liver mouse 7L-L-10.jpg,1
_1016903-- HFpEF liver mouse 7L-L-11.jpg,1
_1016903-- HFpEF liver mouse 7L-L-12.jpg,1
_1016903-- HFpEF liver mouse 7L-L-13.jpg,1
_1016903-- HFpEF liver mouse 7L-L-14.jpg,1
_1016903-- HFpEF liver mouse 7L-L-15.jpg,1
_1016903-- HFpEF liver mouse 7L-L-16.jpg,1
_1016903-- HFpEF liver mouse 7L-L-17.jpg,1
_1016903-- HFpEF liver mouse 7L-L-18.jpg,1
_1016903-- HFpEF liver mouse 7L-L-19.jpg,1
_1016903-- HFpEF liver mouse 7L-L-2.jpg,1
_1016903-- HFpEF liver mouse 7L-L-20.jpg,1
_1016903-- HFpEF liver mouse 7L-L-23.jpg,1
_1016903-- HFpEF liver mouse 7L-L-25.jpg,1
_1016903-- HFpEF liver mouse 7L-L-26.jpg,1
_1016903-- HFpEF liver mouse 7L-L-27.jpg,1
_1016903-- HFpEF liver mouse 7L-L-28.jpg,1
_1016903-- HFpEF liver mouse 7L-L-29.jpg,1
_1016903-- HFpEF liver mouse 7L-L-3.jpg,1
_1016903-- HFpEF liver mouse 7L-L-30.jpg,1
_1016903-- HFpEF liver mouse 7L-L-31.jpg,1
_1016903-- HFpEF liver mouse 7L-L-33.jpg,1
_1016903-- HFpEF liver mouse 7L-L-4.jpg,1
_1016903-- HFpEF liver mouse 7L-L-6.jpg,1
_1016903-- HFpEF liver mouse 7L-L-7.jpg,1
_1016903-- HFpEF liver mouse 7L-L-8.jpg,1
_1016903-- HFpEF liver mouse 7L-L-9.jpg,1
_1016904-- HFpEF liver mouse 7R-L-1.jpg,1
_1016904-- HFpEF liver mouse 7R-L-10.jpg,1
_1016904-- HFpEF liver mouse 7R-L-11.jpg,1
_1016904-- HFpEF liver mouse 7R-L-12.jpg,1
_1016904-- HFpEF liver mouse 7R-L-13.jpg,1
_1016904-- HFpEF liver mouse 7R-L-14.jpg,1
_1016904-- HFpEF liver mouse 7R-L-15.jpg,1
_1016904-- HFpEF liver mouse 7R-L-16.jpg,1
_1016904-- HFpEF liver mouse 7R-L-17.jpg,1
_1016904-- HFpEF liver mouse 7R-L-18.jpg,1
_1016904-- HFpEF liver mouse 7R-L-19.jpg,1
_1016904-- HFpEF liver mouse 7R-L-2.jpg,1
_1016904-- HFpEF liver mouse 7R-L-3.jpg,1
_1016904-- HFpEF liver mouse 7R-L-4.jpg,1
_1016904-- HFpEF liver mouse 7R-L-5.jpg,1
_1016904-- HFpEF liver mouse 7R-L-6.jpg,1
_1016904-- HFpEF liver mouse 7R-L-7.jpg,1
_1016904-- HFpEF liver mouse 7R-L-8.jpg,1
_1016904-- HFpEF liver mouse 7R-L-9.jpg,1
_1016905-- HFpEF liver mouse 6RR-L.jpg,2
_1016905-- HFpEF liver mouse 6RR-L_001.jpg,2
_1016905-- HFpEF liver mouse 6RR-L_002.jpg,2
_1016905-- HFpEF liver mouse 6RR-L_003.jpg,2
_1016905-- HFpEF liver mouse 6RR-L_004.jpg,2
_1016905-- HFpEF liver mouse 6RR-L_007.jpg,2
_1016905-- HFpEF liver mouse 6RR-L_008.jpg,2
_1016905-- HFpEF liver mouse 6RR-L_009.jpg,3
_1016905-- HFpEF liver mouse 6RR-L_010.jpg,2
_1016905-- HFpEF liver mouse 6RR-L_011.jpg,2
_1016905-- HFpEF liver mouse 6RR-L_012.jpg,2
_1016905-- HFpEF liver mouse 6RR-L_013.jpg,2
_1016905-- HFpEF liver mouse 6RR-L_014.jpg,2
_1016905-- HFpEF liver mouse 6RR-L_015.jpg,2
_1016905-- HFpEF liver mouse 6RR-L_016.jpg,2
_1016905-- HFpEF liver mouse 6RR-L_017.jpg,2
_1016905-- HFpEF liver mouse 6RR-L_018.jpg,2
_1016905-- HFpEF liver mouse 6RR-L_019.jpg,2
_1016905-- HFpEF liver mouse 6RR-L_020.jpg,3
_1016905-- HFpEF liver mouse 6RR-L_021.jpg,2
_1016905-- HFpEF liver mouse 6RR-L_022.jpg,2
_1016905-- HFpEF liver mouse 6RR-L_023.jpg,2
_1016905-- HFpEF liver mouse 6RR-L_024.jpg,2
_1016905-- HFpEF liver mouse 6RR-L_025.jpg,2
_1016905-- HFpEF liver mouse 6RR-L_026.jpg,2
_1016905-- HFpEF liver mouse 6RR-L_027.jpg,2
_1016905-- HFpEF liver mouse 6RR-L_028.jpg,2
_1016905-- HFpEF liver mouse 6RR-L_029.jpg,2
_1016905-- HFpEF liver mouse 6RR-L_030.jpg,3
_1016905-- HFpEF liver mouse 6RR-L_031.jpg,2
_1016905-- HFpEF liver mouse 6RR-L_032.jpg,2
_1016905-- HFpEF liver mouse 6RR-L_034.jpg,2
_1016905-- HFpEF liver mouse 6RR-L_035.jpg,2
_1016905-- HFpEF liver mouse 6RR-L_036.jpg,2
_1016905-- HFpEF liver mouse 6RR-L_037.jpg,2
_1016905-- HFpEF liver mouse 6RR-L_038.jpg,2
_1016905-- HFpEF liver mouse 6RR-L_040.jpg,2
_1016905-- HFpEF liver mouse 6RR-L_041.jpg,2
_1016905-- HFpEF liver mouse 6RR-L_042.jpg,2
_1016906- HFpEF liver 4N.jpg,4
_1016906- HFpEF liver 4N_001.jpg,4
_1016906- HFpEF liver 4N_002.jpg,4
_1016906- HFpEF liver 4N_003.jpg,4
_1016906- HFpEF liver 4N_004.jpg,4
_1016906- HFpEF liver 4N_005.jpg,4
_1016906- HFpEF liver 4N_006.jpg,4
_1016906- HFpEF liver 4N_007.jpg,4
_1016906- HFpEF liver 4N_008.jpg,4
_1016906- HFpEF liver 4N_009.jpg,4
_1016906- HFpEF liver 4N_010.jpg,4
_1016906- HFpEF liver 4N_011.jpg,4
_1016906- HFpEF liver 4N_012.jpg,4
_1016906- HFpEF liver 4N_013.jpg,4
_1016906- HFpEF liver 4N_014.jpg,4
_1016906- HFpEF liver 4N_015.jpg,4
_1016906- HFpEF liver 4N_016.jpg,4
_1016906- HFpEF liver 4N_017.jpg,4
_1016906- HFpEF liver 4N_018.jpg,4
_1016906- HFpEF liver 4N_019.jpg,4
_1016906- HFpEF liver 4N_020.jpg,4
_1016906- HFpEF liver 4N_021.jpg,4
_1016906- HFpEF liver 4N_022.jpg,4
_1016906- HFpEF liver 4N_023.jpg,4
_1016906- HFpEF liver 4N_024.jpg,4
_1016906- HFpEF liver 4N_025.jpg,4
_1016906- HFpEF liver 4N_026.jpg,4
_1016906- HFpEF liver 4N_027.jpg,4
_1016906- HFpEF liver 4N_028.jpg,4
_1016906- HFpEF liver 4N_029.jpg,4
_1016906- HFpEF liver 4N_030.jpg,4
_1016906- HFpEF liver 4N_031.jpg,4
_1016906- HFpEF liver 4N_032.jpg,4
_1016906- HFpEF liver 4N_033.jpg,4
_1016906- HFpEF liver 4N_034.jpg,4
_1016906- HFpEF liver 4N_035.jpg,4
_1016906- HFpEF liver 4N_036.jpg,4
_1016906- HFpEF liver 4N_037.jpg,4
_1016906- HFpEF liver 4N_038.jpg,4
_1016906- HFpEF liver 4N_039.jpg,4
_1016906- HFpEF liver 4N_040.jpg,4
_1016906- HFpEF liver 4N_041.jpg,4
_1016906- HFpEF liver 4N_042.jpg,4
_1016907-- HFpEF liver mouse 4B-L.jpg,4
_1016907-- HFpEF liver mouse 4B-L_001.jpg,4
_1016907-- HFpEF liver mouse 4B-L_002.jpg,4
_1016907-- HFpEF liver mouse 4B-L_003.jpg,4
_1016907-- HFpEF liver mouse 4B-L_004.jpg,4
_1016907-- HFpEF liver mouse 4B-L_005.jpg,4
_1016907-- HFpEF liver mouse 4B-L_006.jpg,4
_1016907-- HFpEF liver mouse 4B-L_007.jpg,4
_1016907-- HFpEF liver mouse 4B-L_008.jpg,4
_1016907-- HFpEF liver mouse 4B-L_009.jpg,4
_1016907-- HFpEF liver mouse 4B-L_010.jpg,4
_1016907-- HFpEF liver mouse 4B-L_011.jpg,4
_1016907-- HFpEF liver mouse 4B-L_012.jpg,4
_1016907-- HFpEF liver mouse 4B-L_013.jpg,4
_1016907-- HFpEF liver mouse 4B-L_014.jpg,4
_1016907-- HFpEF liver mouse 4B-L_015.jpg,4
_1016907-- HFpEF liver mouse 4B-L_016.jpg,4
_1016907-- HFpEF liver mouse 4B-L_017.jpg,4
_1016907-- HFpEF liver mouse 4B-L_018.jpg,4
_1016907-- HFpEF liver mouse 4B-L_019.jpg,4
_1016907-- HFpEF liver mouse 4B-L_021.jpg,4
_1016907-- HFpEF liver mouse 4B-L_022.jpg,4
_1016907-- HFpEF liver mouse 4B-L_023.jpg,4
_1016907-- HFpEF liver mouse 4B-L_024.jpg,4
_1016908-- HFpEF liver mouse 5L-L.jpg,1
_1016908-- HFpEF liver mouse 5L-L_001.jpg,1
_1016908-- HFpEF liver mouse 5L-L_003.jpg,2
_1016908-- HFpEF liver mouse 5L-L_004.jpg,2
_1016908-- HFpEF liver mouse 5L-L_005.jpg,2
_1016908-- HFpEF liver mouse 5L-L_006.jpg,2
_1016908-- HFpEF liver mouse 5L-L_007.jpg,2
_1016908-- HFpEF liver mouse 5L-L_008.jpg,2
_1016908-- HFpEF liver mouse 5L-L_009.jpg,1
_1016908-- HFpEF liver mouse 5L-L_010.jpg,2
_1016908-- HFpEF liver mouse 5L-L_011.jpg,2
_1016908-- HFpEF liver mouse 5L-L_012.jpg,2
_1016908-- HFpEF liver mouse 5L-L_013.jpg,2
_1016908-- HFpEF liver mouse 5L-L_014.jpg,2
_1016908-- HFpEF liver mouse 5L-L_015.jpg,2
_1016908-- HFpEF liver mouse 5L-L_016.jpg,2
_1016908-- HFpEF liver mouse 5L-L_017.jpg,2
_1016908-- HFpEF liver mouse 5L-L_018.jpg,2
_1016908-- HFpEF liver mouse 5L-L_019.jpg,2
_1016908-- HFpEF liver mouse 5L-L_020.jpg,2
_1016908-- HFpEF liver mouse 5L-L_021.jpg,2
_1016908-- HFpEF liver mouse 5L-L_022.jpg,2
_1016908-- HFpEF liver mouse 5L-L_023.jpg,2
_1016908-- HFpEF liver mouse 5L-L_024.jpg,2
_1016908-- HFpEF liver mouse 5L-L_025.jpg,2
_1016908-- HFpEF liver mouse 5L-L_026.jpg,2
_1016909-- HFpEF liver mouse 5R-L - Copy.jpg,2
_1016909-- HFpEF liver mouse 5R-L.jpg,2
_1016909-- HFpEF liver mouse 5R-L_002.jpg,2
_1016909-- HFpEF liver mouse 5R-L_003.jpg,2
_1016909-- HFpEF liver mouse 5R-L_004.jpg,2
_1016909-- HFpEF liver mouse 5R-L_005.jpg,2
_1016909-- HFpEF liver mouse 5R-L_006.jpg,2
_1016909-- HFpEF liver mouse 5R-L_007.jpg,2
_1016909-- HFpEF liver mouse 5R-L_008.jpg,2
_1016909-- HFpEF liver mouse 5R-L_009.jpg,2
_1016909-- HFpEF liver mouse 5R-L_010.jpg,2
_1016909-- HFpEF liver mouse 5R-L_011.jpg,2
_1016909-- HFpEF liver mouse 5R-L_012.jpg,2
_1016909-- HFpEF liver mouse 5R-L_013.jpg,2
_1016909-- HFpEF liver mouse 5R-L_014.jpg,2
_1016909-- HFpEF liver mouse 5R-L_015.jpg,2
_1016909-- HFpEF liver mouse 5R-L_016.jpg,2
_1016909-- HFpEF liver mouse 5R-L_017.jpg,2
_1016909-- HFpEF liver mouse 5R-L_018.jpg,2
_1016909-- HFpEF liver mouse 5R-L_019.jpg,2
_1016909-- HFpEF liver mouse 5R-L_020.jpg,2
_1016909-- HFpEF liver mouse 5R-L_021.jpg,2
_1016909-- HFpEF liver mouse 5R-L_022.jpg,2
_1016909-- HFpEF liver mouse 5R-L_023.jpg,2
_1016909-- HFpEF liver mouse 5R-L_024.jpg,2
_1016909-- HFpEF liver mouse 5R-L_025.jpg,2
_1016910-- HFpEF liver mouse 5N-L-1.jpg,1
_1016910-- HFpEF liver mouse 5N-L-10.jpg,2
_1016910-- HFpEF liver mouse 5N-L-11.jpg,2
_1016910-- HFpEF liver mouse 5N-L-12.jpg,2
_1016910-- HFpEF liver mouse 5N-L-13.jpg,2
_1016910-- HFpEF liver mouse 5N-L-14.jpg,2
_1016910-- HFpEF liver mouse 5N-L-16.jpg,1
_1016910-- HFpEF liver mouse 5N-L-17.jpg,2
_1016910-- HFpEF liver mouse 5N-L-18.jpg,2
_1016910-- HFpEF liver mouse 5N-L-19.jpg,2
_1016910-- HFpEF liver mouse 5N-L-2.jpg,2
_1016910-- HFpEF liver mouse 5N-L-20.jpg,2
_1016910-- HFpEF liver mouse 5N-L-21.jpg,2
_1016910-- HFpEF liver mouse 5N-L-22.jpg,2
_1016910-- HFpEF liver mouse 5N-L-23.jpg,2
_1016910-- HFpEF liver mouse 5N-L-25.jpg,2
_1016910-- HFpEF liver mouse 5N-L-26.jpg,2
_1016910-- HFpEF liver mouse 5N-L-27.jpg,2
_1016910-- HFpEF liver mouse 5N-L-28.jpg,2
_1016910-- HFpEF liver mouse 5N-L-29.jpg,2
_1016910-- HFpEF liver mouse 5N-L-3.jpg,2
_1016910-- HFpEF liver mouse 5N-L-30.jpg,2
_1016910-- HFpEF liver mouse 5N-L-31.jpg,2
_1016910-- HFpEF liver mouse 5N-L-32.jpg,2
_1016910-- HFpEF liver mouse 5N-L-33.jpg,2
_1016910-- HFpEF liver mouse 5N-L-34.jpg,2
_1016910-- HFpEF liver mouse 5N-L-35.jpg,2
_1016910-- HFpEF liver mouse 5N-L-36.jpg,2
_1016910-- HFpEF liver mouse 5N-L-37.jpg,2
_1016910-- HFpEF liver mouse 5N-L-38.jpg,2
_1016910-- HFpEF liver mouse 5N-L-39.jpg,2
_1016910-- HFpEF liver mouse 5N-L-4.jpg,2
_1016910-- HFpEF liver mouse 5N-L-5.jpg,2
_1016910-- HFpEF liver mouse 5N-L-6.jpg,2
_1016910-- HFpEF liver mouse 5N-L-7.jpg,2
_1016910-- HFpEF liver mouse 5N-L-8.jpg,2
_1016910-- HFpEF liver mouse 5N-L-9.jpg,2
_1016911-- HFpEF liver mouse 5RR-L-1.jpg,1
_1016911-- HFpEF liver mouse 5RR-L-11.jpg,1
_1016911-- HFpEF liver mouse 5RR-L-12.jpg,1
_1016911-- HFpEF liver mouse 5RR-L-13.jpg,1
_1016911-- HFpEF liver mouse 5RR-L-14.jpg,1
_1016911-- HFpEF liver mouse 5RR-L-15.jpg,1
_1016911-- HFpEF liver mouse 5RR-L-16.jpg,1
_1016911-- HFpEF liver mouse 5RR-L-17.jpg,1
_1016911-- HFpEF liver mouse 5RR-L-2.jpg,1
_1016911-- HFpEF liver mouse 5RR-L-21.jpg,1
_1016911-- HFpEF liver mouse 5RR-L-22.jpg,1
_1016911-- HFpEF liver mouse 5RR-L-3.jpg,1
_1016911-- HFpEF liver mouse 5RR-L-4.jpg,1
_1016911-- HFpEF liver mouse 5RR-L-5.jpg,1
_1016911-- HFpEF liver mouse 5RR-L-6.jpg,1
_1016911-- HFpEF liver mouse 5RR-L-7.jpg,1
_1016911-- HFpEF liver mouse 5RR-L-8.jpg,1
_1016911-- HFpEF liver mouse 5RR-L-9.jpg,1
_1016912-- HFpEF liver mouse 6R-L.jpg,2
_1016912-- HFpEF liver mouse 6R-L_001.jpg,3
_1016912-- HFpEF liver mouse 6R-L_002.jpg,3
_1016912-- HFpEF liver mouse 6R-L_003.jpg,3
_1016912-- HFpEF liver mouse 6R-L_006.jpg,3
_1016912-- HFpEF liver mouse 6R-L_007.jpg,2
_1016912-- HFpEF liver mouse 6R-L_009.jpg,3
_1016912-- HFpEF liver mouse 6R-L_010.jpg,2
_1016912-- HFpEF liver mouse 6R-L_011.jpg,2
_1016912-- HFpEF liver mouse 6R-L_013.jpg,3
_1016912-- HFpEF liver mouse 6R-L_014.jpg,3
_1016912-- HFpEF liver mouse 6R-L_015.jpg,3
_1016912-- HFpEF liver mouse 6R-L_016.jpg,3
_1016912-- HFpEF liver mouse 6R-L_017.jpg,3
_1016912-- HFpEF liver mouse 6R-L_018.jpg,3
_1016912-- HFpEF liver mouse 6R-L_019.jpg,3
_1016912-- HFpEF liver mouse 6R-L_020.jpg,2
_1016912-- HFpEF liver mouse 6R-L_022.jpg,3
_1016912-- HFpEF liver mouse 6R-L_023.jpg,2
_1016912-- HFpEF liver mouse 6R-L_024.jpg,2
_1016913-- HFpEF liver mouse 5D-L-1.jpg,2
_1016913-- HFpEF liver mouse 5D-L-10.jpg,3
_1016913-- HFpEF liver mouse 5D-L-11.jpg,3
_1016913-- HFpEF liver mouse 5D-L-12.jpg,2
_1016913-- HFpEF liver mouse 5D-L-13.jpg,3
_1016913-- HFpEF liver mouse 5D-L-14.jpg,2
_1016913-- HFpEF liver mouse 5D-L-15.jpg,3
_1016913-- HFpEF liver mouse 5D-L-16.jpg,2
_1016913-- HFpEF liver mouse 5D-L-17.jpg,2
_1016913-- HFpEF liver mouse 5D-L-18.jpg,2
_1016913-- HFpEF liver mouse 5D-L-19.jpg,2
_1016913-- HFpEF liver mouse 5D-L-2.jpg,2
_1016913-- HFpEF liver mouse 5D-L-20.jpg,3
_1016913-- HFpEF liver mouse 5D-L-21.jpg,3
_1016913-- HFpEF liver mouse 5D-L-22.jpg,3
_1016913-- HFpEF liver mouse 5D-L-3.jpg,2
_1016913-- HFpEF liver mouse 5D-L-4.jpg,2
_1016913-- HFpEF liver mouse 5D-L-5.jpg,2
_1016913-- HFpEF liver mouse 5D-L-6.jpg,2
_1016913-- HFpEF liver mouse 5D-L-7.jpg,2
_1016913-- HFpEF liver mouse 5D-L-8.jpg,2
_1016913-- HFpEF liver mouse 5D-L-9.jpg,3
_1016914-- HFpEF liver mouse 6D-L-1.jpg,2
_1016914-- HFpEF liver mouse 6D-L-10.jpg,2
_1016914-- HFpEF liver mouse 6D-L-11.jpg,2
_1016914-- HFpEF liver mouse 6D-L-12.jpg,2
_1016914-- HFpEF liver mouse 6D-L-13.jpg,2
_1016914-- HFpEF liver mouse 6D-L-14.jpg,2
_1016914-- HFpEF liver mouse 6D-L-15.jpg,2
_1016914-- HFpEF liver mouse 6D-L-16.jpg,2
_1016914-- HFpEF liver mouse 6D-L-17.jpg,2
_1016914-- HFpEF liver mouse 6D-L-18.jpg,2
_1016914-- HFpEF liver mouse 6D-L-19.jpg,2
_1016914-- HFpEF liver mouse 6D-L-2.jpg,2
_1016914-- HFpEF liver mouse 6D-L-20.jpg,3
_1016914-- HFpEF liver mouse 6D-L-22.jpg,2
_1016914-- HFpEF liver mouse 6D-L-23.jpg,2
_1016914-- HFpEF liver mouse 6D-L-24.jpg,2
_1016914-- HFpEF liver mouse 6D-L-25.jpg,2
_1016914-- HFpEF liver mouse 6D-L-26.jpg,2
_1016914-- HFpEF liver mouse 6D-L-27.jpg,2
_1016914-- HFpEF liver mouse 6D-L-28.jpg,2
_1016914-- HFpEF liver mouse 6D-L-29.jpg,2
_1016914-- HFpEF liver mouse 6D-L-3.jpg,2
_1016914-- HFpEF liver mouse 6D-L-30.jpg,2
_1016914-- HFpEF liver mouse 6D-L-31.jpg,2
_1016914-- HFpEF liver mouse 6D-L-32.jpg,2
_1016914-- HFpEF liver mouse 6D-L-33.jpg,2
_1016914-- HFpEF liver mouse 6D-L-34.jpg,2
_1016914-- HFpEF liver mouse 6D-L-35.jpg,2
_1016914-- HFpEF liver mouse 6D-L-36.jpg,2
_1016914-- HFpEF liver mouse 6D-L-37.jpg,2
_1016914-- HFpEF liver mouse 6D-L-38.jpg,2
_1016914-- HFpEF liver mouse 6D-L-39.jpg,2
_1016914-- HFpEF liver mouse 6D-L-4.jpg,2
_1016914-- HFpEF liver mouse 6D-L-5.jpg,2
_1016914-- HFpEF liver mouse 6D-L-6.jpg,2
_1016914-- HFpEF liver mouse 6D-L-7.jpg,2
_1016914-- HFpEF liver mouse 6D-L-8.jpg,2
_1016915-- HFpEF liver mouse 6N-L-1.jpg,2
_1016915-- HFpEF liver mouse 6N-L-10.jpg,2
_1016915-- HFpEF liver mouse 6N-L-11.jpg,2
_1016915-- HFpEF liver mouse 6N-L-12.jpg,2
_1016915-- HFpEF liver mouse 6N-L-13.jpg,2
_1016915-- HFpEF liver mouse 6N-L-14.jpg,2
_1016915-- HFpEF liver mouse 6N-L-15.jpg,2
_1016915-- HFpEF liver mouse 6N-L-16.jpg,2
_1016915-- HFpEF liver mouse 6N-L-17.jpg,2
_1016915-- HFpEF liver mouse 6N-L-18.jpg,2
_1016915-- HFpEF liver mouse 6N-L-19.jpg,2
_1016915-- HFpEF liver mouse 6N-L-2.jpg,2
_1016915-- HFpEF liver mouse 6N-L-20.jpg,3
_1016915-- HFpEF liver mouse 6N-L-21.jpg,3
_1016915-- HFpEF liver mouse 6N-L-22.jpg,3
_1016915-- HFpEF liver mouse 6N-L-24.jpg,2
_1016915-- HFpEF liver mouse 6N-L-25.jpg,2
_1016915-- HFpEF liver mouse 6N-L-26.jpg,3
_1016915-- HFpEF liver mouse 6N-L-3.jpg,3
_1016915-- HFpEF liver mouse 6N-L-4.jpg,2
_1016915-- HFpEF liver mouse 6N-L-5.jpg,3
_1016915-- HFpEF liver mouse 6N-L-6.jpg,3
_1016915-- HFpEF liver mouse 6N-L-7.jpg,3
_1016915-- HFpEF liver mouse 6N-L-8.jpg,3
_1016915-- HFpEF liver mouse 6N-L-9.jpg,3
_1016916-- HFpEF liver mouse 6L-L-1.jpg,2
_1016916-- HFpEF liver mouse 6L-L-10.jpg,2
_1016916-- HFpEF liver mouse 6L-L-11.jpg,3
_1016916-- HFpEF liver mouse 6L-L-12.jpg,2
_1016916-- HFpEF liver mouse 6L-L-13.jpg,3
_1016916-- HFpEF liver mouse 6L-L-14.jpg,2
_1016916-- HFpEF liver mouse 6L-L-15.jpg,2
_1016916-- HFpEF liver mouse 6L-L-16.jpg,3
_1016916-- HFpEF liver mouse 6L-L-17.jpg,2
_1016916-- HFpEF liver mouse 6L-L-18.jpg,3
_1016916-- HFpEF liver mouse 6L-L-19.jpg,2
_1016916-- HFpEF liver mouse 6L-L-2.jpg,2
_1016916-- HFpEF liver mouse 6L-L-20.jpg,2
_1016916-- HFpEF liver mouse 6L-L-21.jpg,3
_1016916-- HFpEF liver mouse 6L-L-22.jpg,3
_1016916-- HFpEF liver mouse 6L-L-3.jpg,2
_1016916-- HFpEF liver mouse 6L-L-4.jpg,2
_1016916-- HFpEF liver mouse 6L-L-5.jpg,2
_1016916-- HFpEF liver mouse 6L-L-6.jpg,2
_1016916-- HFpEF liver mouse 6L-L-7.jpg,2
_1016916-- HFpEF liver mouse 6L-L-8.jpg,3
_1016916-- HFpEF liver mouse 6L-L-9.jpg,3
_1016917-- HFpEF liver mouse 4L-L.jpg,4
_1016917-- HFpEF liver mouse 4L-L_001.jpg,4
_1016917-- HFpEF liver mouse 4L-L_002.jpg,4
_1016917-- HFpEF liver mouse 4L-L_003.jpg,4
_1016917-- HFpEF liver mouse 4L-L_004.jpg,4
_1016917-- HFpEF liver mouse 4L-L_005.jpg,4
_1016917-- HFpEF liver mouse 4L-L_006.jpg,4
_1016917-- HFpEF liver mouse 4L-L_007.jpg,4
_1016917-- HFpEF liver mouse 4L-L_008.jpg,4
_1016917-- HFpEF liver mouse 4L-L_009.jpg,4
_1016917-- HFpEF liver mouse 4L-L_010.jpg,4
_1016917-- HFpEF liver mouse 4L-L_011.jpg,4
_1016917-- HFpEF liver mouse 4L-L_012.jpg,4
_1016917-- HFpEF liver mouse 4L-L_013.jpg,4
_1016917-- HFpEF liver mouse 4L-L_014.jpg,4
_1016917-- HFpEF liver mouse 4L-L_016.jpg,4
_1016917-- HFpEF liver mouse 4L-L_017.jpg,4
_1016917-- HFpEF liver mouse 4L-L_018.jpg,4
_1016917-- HFpEF liver mouse 4L-L_020.jpg,4
_1016917-- HFpEF liver mouse 4L-L_021.jpg,4
_1016917-- HFpEF liver mouse 4L-L_022.jpg,4
_1016917-- HFpEF liver mouse 4L-L_023.jpg,4
_1016917-- HFpEF liver mouse 4L-L_024.jpg,4
_1016917-- HFpEF liver mouse 4L-L_025.jpg,4
_1016917-- HFpEF liver mouse 4L-L_026.jpg,4
_1016917-- HFpEF liver mouse 4L-L_027.jpg,4
_1016917-- HFpEF liver mouse 4L-L_028.jpg,4
_1016917-- HFpEF liver mouse 4L-L_029.jpg,4
_1016917-- HFpEF liver mouse 4L-L_030.jpg,4
_1016917-- HFpEF liver mouse 4L-L_031.jpg,4
_1016917-- HFpEF liver mouse 4L-L_032.jpg,4
_1016917-- HFpEF liver mouse 4L-L_033.jpg,4
_1016918-- HFpEF liver mouse 4R-L-1.jpg,4
_1016918-- HFpEF liver mouse 4R-L-10.jpg,4
_1016918-- HFpEF liver mouse 4R-L-11.jpg,4
_1016918-- HFpEF liver mouse 4R-L-12.jpg,4
_1016918-- HFpEF liver mouse 4R-L-13.jpg,4
_1016918-- HFpEF liver mouse 4R-L-14.jpg,4
_1016918-- HFpEF liver mouse 4R-L-16.jpg,4
_1016918-- HFpEF liver mouse 4R-L-17.jpg,4
_1016918-- HFpEF liver mouse 4R-L-2.jpg,4
_1016918-- HFpEF liver mouse 4R-L-3.jpg,4
_1016918-- HFpEF liver mouse 4R-L-4.jpg,4
_1016918-- HFpEF liver mouse 4R-L-5.jpg,4
_1016918-- HFpEF liver mouse 4R-L-6.jpg,4
_1016918-- HFpEF liver mouse 4R-L-7.jpg,4
_1016918-- HFpEF liver mouse 4R-L-8.jpg,4
_1016918-- HFpEF liver mouse 4R-L-9.jpg,4
_1016919-- HFpEF liver mouse 3B-L.jpg,4
_1016919-- HFpEF liver mouse 3B-L_001.jpg,4
_1016919-- HFpEF liver mouse 3B-L_002.jpg,4
_1016919-- HFpEF liver mouse 3B-L_003.jpg,4
_1016919-- HFpEF liver mouse 3B-L_004.jpg,4
_1016919-- HFpEF liver mouse 3B-L_005.jpg,4
_1016919-- HFpEF liver mouse 3B-L_006.jpg,4
_1016919-- HFpEF liver mouse 3B-L_007.jpg,4
_1016919-- HFpEF liver mouse 3B-L_008.jpg,4
_1016919-- HFpEF liver mouse 3B-L_009.jpg,4
_1016919-- HFpEF liver mouse 3B-L_010.jpg,4
_1016919-- HFpEF liver mouse 3B-L_011.jpg,4
_1016919-- HFpEF liver mouse 3B-L_012.jpg,4
_1016919-- HFpEF liver mouse 3B-L_013.jpg,4
_1016919-- HFpEF liver mouse 3B-L_014.jpg,4
_1016919-- HFpEF liver mouse 3B-L_015.jpg,4
_1016919-- HFpEF liver mouse 3B-L_016.jpg,4
_1016919-- HFpEF liver mouse 3B-L_017.jpg,4
_1016919-- HFpEF liver mouse 3B-L_018.jpg,4
_1016919-- HFpEF liver mouse 3B-L_020.jpg,4
_1016919-- HFpEF liver mouse 3B-L_021.jpg,4
_1016919-- HFpEF liver mouse 3B-L_022.jpg,4
_1016919-- HFpEF liver mouse 3B-L_023.jpg,4
_1016919-- HFpEF liver mouse 3B-L_024.jpg,4
_1016919-- HFpEF liver mouse 3B-L_025.jpg,4
_1016919-- HFpEF liver mouse 3B-L_026.jpg,4
_1016919-- HFpEF liver mouse 3B-L_027.jpg,4
_1016919-- HFpEF liver mouse 3B-L_028.jpg,4
_1016919-- HFpEF liver mouse 3B-L_029.jpg,4
_1016920-- HFpEF liver mouse 3N-L-1.jpg,4
_1016920-- HFpEF liver mouse 3N-L-11.jpg,4
_1016920-- HFpEF liver mouse 3N-L-12.jpg,4
_1016920-- HFpEF liver mouse 3N-L-13.jpg,4
_1016920-- HFpEF liver mouse 3N-L-14.jpg,4
_1016920-- HFpEF liver mouse 3N-L-15.jpg,4
_1016920-- HFpEF liver mouse 3N-L-17.jpg,4
_1016920-- HFpEF liver mouse 3N-L-18.jpg,4
_1016920-- HFpEF liver mouse 3N-L-19.jpg,4
_1016920-- HFpEF liver mouse 3N-L-2.jpg,4
_1016920-- HFpEF liver mouse 3N-L-20.jpg,4
_1016920-- HFpEF liver mouse 3N-L-4.jpg,4
_1016920-- HFpEF liver mouse 3N-L-5.jpg,4
_1016920-- HFpEF liver mouse 3N-L-6.jpg,4
_1016920-- HFpEF liver mouse 3N-L-7.jpg,4
_1016920-- HFpEF liver mouse 3N-L-8.jpg,4
_1016920-- HFpEF liver mouse 3N-L-9.jpg,4
_1016921-- HFpEF liver mouse 1N-L-1.jpg,4
_1016921-- HFpEF liver mouse 1N-L-10.jpg,4
_1016921-- HFpEF liver mouse 1N-L-11.jpg,4
_1016921-- HFpEF liver mouse 1N-L-12.jpg,4
_1016921-- HFpEF liver mouse 1N-L-13.jpg,4
_1016921-- HFpEF liver mouse 1N-L-14.jpg,4
_1016921-- HFpEF liver mouse 1N-L-15.jpg,4
_1016921-- HFpEF liver mouse 1N-L-16.jpg,4
_1016921-- HFpEF liver mouse 1N-L-17.jpg,4
_1016921-- HFpEF liver mouse 1N-L-18.jpg,4
_1016921-- HFpEF liver mouse 1N-L-2.jpg,4
_1016921-- HFpEF liver mouse 1N-L-20.jpg,4
_1016921-- HFpEF liver mouse 1N-L-21.jpg,4
_1016921-- HFpEF liver mouse 1N-L-22.jpg,4
_1016921-- HFpEF liver mouse 1N-L-23.jpg,4
_1016921-- HFpEF liver mouse 1N-L-24.jpg,4
_1016921-- HFpEF liver mouse 1N-L-3.jpg,4
_1016921-- HFpEF liver mouse 1N-L-4.jpg,4
_1016921-- HFpEF liver mouse 1N-L-5.jpg,4
_1016921-- HFpEF liver mouse 1N-L-6.jpg,4
_1016921-- HFpEF liver mouse 1N-L-7.jpg,4
_1016921-- HFpEF liver mouse 1N-L-8.jpg,4
_1016921-- HFpEF liver mouse 1N-L-9.jpg,4
_1016921-- HFpEF liver mouse 1N-L19.jpg,4
_1016922-- HFpEF liver mouse 1L-L-1.jpg,4
_1016922-- HFpEF liver mouse 1L-L-10.jpg,4
_1016922-- HFpEF liver mouse 1L-L-12.jpg,4
_1016922-- HFpEF liver mouse 1L-L-13.jpg,4
_1016922-- HFpEF liver mouse 1L-L-14.jpg,4
_1016922-- HFpEF liver mouse 1L-L-15.jpg,4
_1016922-- HFpEF liver mouse 1L-L-16.jpg,4
_1016922-- HFpEF liver mouse 1L-L-17.jpg,4
_1016922-- HFpEF liver mouse 1L-L-18.jpg,4
_1016922-- HFpEF liver mouse 1L-L-19.jpg,4
_1016922-- HFpEF liver mouse 1L-L-2.jpg,4
_1016922-- HFpEF liver mouse 1L-L-20.jpg,4
_1016922-- HFpEF liver mouse 1L-L-21.jpg,4
_1016922-- HFpEF liver mouse 1L-L-22.jpg,4
_1016922-- HFpEF liver mouse 1L-L-3.jpg,4
_1016922-- HFpEF liver mouse 1L-L-4.jpg,4
_1016922-- HFpEF liver mouse 1L-L-5.jpg,4
_1016922-- HFpEF liver mouse 1L-L-6.jpg,4
_1016922-- HFpEF liver mouse 1L-L-7.jpg,4
_1016922-- HFpEF liver mouse 1L-L-8.jpg,4
_1016922-- HFpEF liver mouse 1L-L-9.jpg,4
_1016923- HFpEF liver 1B-1.jpg,4
_1016923- HFpEF liver 1B-11.jpg,4
_1016923- HFpEF liver 1B-12.jpg,4
_1016923- HFpEF liver 1B-13.jpg,4
_1016923- HFpEF liver 1B-14.jpg,4
_1016923- HFpEF liver 1B-15.jpg,4
_1016923- HFpEF liver 1B-16.jpg,4
_1016923- HFpEF liver 1B-17.jpg,4
_1016923- HFpEF liver 1B-18.jpg,4
_1016923- HFpEF liver 1B-19.jpg,4
_1016923- HFpEF liver 1B-2.jpg,4
_1016923- HFpEF liver 1B-20.jpg,4
_1016923- HFpEF liver 1B-21.jpg,4
_1016923- HFpEF liver 1B-22.jpg,4
_1016923- HFpEF liver 1B-23.jpg,4
_1016923- HFpEF liver 1B-24.jpg,4
_1016923- HFpEF liver 1B-25.jpg,4
_1016923- HFpEF liver 1B-26.jpg,4
_1016923- HFpEF liver 1B-27.jpg,4
_1016923- HFpEF liver 1B-28.jpg,4
_1016923- HFpEF liver 1B-3.jpg,4
_1016923- HFpEF liver 1B-32.jpg,4
_1016923- HFpEF liver 1B-33.jpg,4
_1016923- HFpEF liver 1B-4.jpg,4
_1016923- HFpEF liver 1B-5.jpg,4
_1016923- HFpEF liver 1B-6.jpg,4
_1016923- HFpEF liver 1B-7.jpg,4
_1016923- HFpEF liver 1B-8.jpg,4
_1016923- HFpEF liver 1B-9.jpg,4
_1016924- HFpEF liver 2R-1.jpg,4
_1016924- HFpEF liver 2R-10.jpg,4
_1016924- HFpEF liver 2R-11.jpg,4
_1016924- HFpEF liver 2R-13.jpg,4
_1016924- HFpEF liver 2R-14.jpg,4
_1016924- HFpEF liver 2R-15.jpg,4
_1016924- HFpEF liver 2R-16.jpg,4
_1016924- HFpEF liver 2R-17.jpg,4
_1016924- HFpEF liver 2R-18.jpg,4
_1016924- HFpEF liver 2R-19.jpg,4
_1016924- HFpEF liver 2R-2.jpg,4
_1016924- HFpEF liver 2R-20.jpg,4
_1016924- HFpEF liver 2R-21.jpg,4
_1016924- HFpEF liver 2R-22.jpg,4
_1016924- HFpEF liver 2R-23.jpg,4
_1016924- HFpEF liver 2R-24.jpg,4
_1016924- HFpEF liver 2R-25.jpg,4
_1016924- HFpEF liver 2R-26.jpg,4
_1016924- HFpEF liver 2R-27.jpg,4
_1016924- HFpEF liver 2R-28.jpg,4
_1016924- HFpEF liver 2R-29.jpg,4
_1016924- HFpEF liver 2R-3.jpg,4
_1016924- HFpEF liver 2R-30.jpg,4
_1016924- HFpEF liver 2R-4.jpg,4
_1016924- HFpEF liver 2R-6.jpg,4
_1016924- HFpEF liver 2R-7.jpg,4
_1016924- HFpEF liver 2R-8.jpg,4
_1016924- HFpEF liver 2R-9.jpg,4
_1016925-- HFpEF liver mouse 2L-L-1.jpg,4
_1016925-- HFpEF liver mouse 2L-L-10.jpg,4
_1016925-- HFpEF liver mouse 2L-L-11.jpg,4
_1016925-- HFpEF liver mouse 2L-L-12.jpg,4
_1016925-- HFpEF liver mouse 2L-L-15.jpg,4
_1016925-- HFpEF liver mouse 2L-L-16.jpg,4
_1016925-- HFpEF liver mouse 2L-L-17.jpg,4
_1016925-- HFpEF liver mouse 2L-L-18.jpg,4
_1016925-- HFpEF liver mouse 2L-L-19.jpg,4
_1016925-- HFpEF liver mouse 2L-L-2.jpg,4
_1016925-- HFpEF liver mouse 2L-L-20.jpg,4
_1016925-- HFpEF liver mouse 2L-L-21.jpg,4
_1016925-- HFpEF liver mouse 2L-L-22.jpg,4
_1016925-- HFpEF liver mouse 2L-L-23.jpg,4
_1016925-- HFpEF liver mouse 2L-L-24.jpg,4
_1016925-- HFpEF liver mouse 2L-L-25.jpg,4
_1016925-- HFpEF liver mouse 2L-L-3.jpg,4
_1016925-- HFpEF liver mouse 2L-L-4.jpg,4
_1016925-- HFpEF liver mouse 2L-L-5.jpg,4
_1016925-- HFpEF liver mouse 2L-L-6.jpg,4
_1016925-- HFpEF liver mouse 2L-L-7.jpg,4
_1016925-- HFpEF liver mouse 2L-L-8.jpg,4
_1016925-- HFpEF liver mouse 2L-L-9.jpg,4
_1016926-- HFpEF liver mouse 2B-L-1.jpg,4
_1016926-- HFpEF liver mouse 2B-L-10.jpg,4
_1016926-- HFpEF liver mouse 2B-L-11.jpg,4
_1016926-- HFpEF liver mouse 2B-L-12.jpg,4
_1016926-- HFpEF liver mouse 2B-L-13.jpg,4
_1016926-- HFpEF liver mouse 2B-L-14.jpg,4
_1016926-- HFpEF liver mouse 2B-L-15.jpg,4
_1016926-- HFpEF liver mouse 2B-L-16.jpg,4
_1016926-- HFpEF liver mouse 2B-L-17.jpg,4
_1016926-- HFpEF liver mouse 2B-L-18.jpg,4
_1016926-- HFpEF liver mouse 2B-L-19.jpg,4
_1016926-- HFpEF liver mouse 2B-L-2.jpg,4
_1016926-- HFpEF liver mouse 2B-L-20.jpg,4
_1016926-- HFpEF liver mouse 2B-L-21.jpg,4
_1016926-- HFpEF liver mouse 2B-L-22.jpg,4
_1016926-- HFpEF liver mouse 2B-L-3.jpg,4
_1016926-- HFpEF liver mouse 2B-L-4.jpg,4
_1016926-- HFpEF liver mouse 2B-L-5.jpg,4
_1016926-- HFpEF liver mouse 2B-L-6.jpg,4
_1016926-- HFpEF liver mouse 2B-L-7.jpg,4
_1016926-- HFpEF liver mouse 2B-L-9.jpg,4
_1016927-- HFpEF liver mouse 2N-L-1.jpg,4
_1016927-- HFpEF liver mouse 2N-L-10.jpg,4
_1016927-- HFpEF liver mouse 2N-L-11.jpg,4
_1016927-- HFpEF liver mouse 2N-L-12.jpg,4
_1016927-- HFpEF liver mouse 2N-L-13.jpg,4
_1016927-- HFpEF liver mouse 2N-L-14.jpg,4
_1016927-- HFpEF liver mouse 2N-L-15.jpg,4
_1016927-- HFpEF liver mouse 2N-L-16.jpg,4
_1016927-- HFpEF liver mouse 2N-L-17.jpg,4
_1016927-- HFpEF liver mouse 2N-L-18.jpg,4
_1016927-- HFpEF liver mouse 2N-L-19.jpg,4
_1016927-- HFpEF liver mouse 2N-L-2.jpg,4
_1016927-- HFpEF liver mouse 2N-L-21.jpg,4
_1016927-- HFpEF liver mouse 2N-L-22.jpg,4
_1016927-- HFpEF liver mouse 2N-L-3.jpg,4
_1016927-- HFpEF liver mouse 2N-L-4.jpg,4
_1016927-- HFpEF liver mouse 2N-L-5.jpg,4
_1016927-- HFpEF liver mouse 2N-L-6.jpg,4
_1016927-- HFpEF liver mouse 2N-L-7.jpg,4
_1016927-- HFpEF liver mouse 2N-L-8.jpg,4
_1016927-- HFpEF liver mouse 2N-L-9.jpg,4
_1016928-- HFpEF liver mouse 3L-L-1.jpg,4
_1016928-- HFpEF liver mouse 3L-L-10.jpg,4
_1016928-- HFpEF liver mouse 3L-L-11.jpg,4
_1016928-- HFpEF liver mouse 3L-L-12.jpg,4
_1016928-- HFpEF liver mouse 3L-L-13.jpg,4
_1016928-- HFpEF liver mouse 3L-L-14.jpg,4
_1016928-- HFpEF liver mouse 3L-L-15.jpg,4
_1016928-- HFpEF liver mouse 3L-L-16.jpg,4
_1016928-- HFpEF liver mouse 3L-L-17.jpg,4
_1016928-- HFpEF liver mouse 3L-L-18.jpg,4
_1016928-- HFpEF liver mouse 3L-L-19.jpg,4
_1016928-- HFpEF liver mouse 3L-L-2.jpg,4
_1016928-- HFpEF liver mouse 3L-L-20.jpg,4
_1016928-- HFpEF liver mouse 3L-L-21.jpg,4
_1016928-- HFpEF liver mouse 3L-L-22.jpg,4
_1016928-- HFpEF liver mouse 3L-L-23.jpg,4
_1016928-- HFpEF liver mouse 3L-L-24.jpg,4
_1016928-- HFpEF liver mouse 3L-L-25.jpg,4
_1016928-- HFpEF liver mouse 3L-L-26.jpg,4
_1016928-- HFpEF liver mouse 3L-L-27.jpg,4
_1016928-- HFpEF liver mouse 3L-L-28.jpg,4
_1016928-- HFpEF liver mouse 3L-L-29.jpg,4
_1016928-- HFpEF liver mouse 3L-L-3.jpg,4
_1016928-- HFpEF liver mouse 3L-L-30.jpg,4
_1016928-- HFpEF liver mouse 3L-L-31.jpg,4
_1016928-- HFpEF liver mouse 3L-L-4.jpg,4
_1016928-- HFpEF liver mouse 3L-L-5.jpg,4
_1016928-- HFpEF liver mouse 3L-L-6.jpg,4
_1016928-- HFpEF liver mouse 3L-L-8.jpg,4
_1016928-- HFpEF liver mouse 3L-L-9.jpg,4
_1016929-- HFpEF liver mouse 3R-L-1.jpg,4
_1016929-- HFpEF liver mouse 3R-L-10.jpg,4
_1016929-- HFpEF liver mouse 3R-L-11.jpg,4
_1016929-- HFpEF liver mouse 3R-L-12.jpg,4
_1016929-- HFpEF liver mouse 3R-L-13.jpg,4
_1016929-- HFpEF liver mouse 3R-L-14.jpg,4
_1016929-- HFpEF liver mouse 3R-L-15.jpg,4
_1016929-- HFpEF liver mouse 3R-L-16.jpg,4
_1016929-- HFpEF liver mouse 3R-L-17.jpg,4
_1016929-- HFpEF liver mouse 3R-L-18.jpg,4
_1016929-- HFpEF liver mouse 3R-L-19.jpg,4
_1016929-- HFpEF liver mouse 3R-L-2.jpg,3
_1016929-- HFpEF liver mouse 3R-L-20.jpg,4
_1016929-- HFpEF liver mouse 3R-L-22.jpg,4
_1016929-- HFpEF liver mouse 3R-L-23.jpg,4
_1016929-- HFpEF liver mouse 3R-L-24.jpg,4
_1016929-- HFpEF liver mouse 3R-L-25.jpg,4
_1016929-- HFpEF liver mouse 3R-L-26.jpg,4
_1016929-- HFpEF liver mouse 3R-L-27.jpg,4
_1016929-- HFpEF liver mouse 3R-L-28.jpg,4
_1016929-- HFpEF liver mouse 3R-L-29.jpg,4
_1016929-- HFpEF liver mouse 3R-L-3.jpg,4
_1016929-- HFpEF liver mouse 3R-L-30.jpg,4
_1016929-- HFpEF liver mouse 3R-L-31.jpg,4
_1016929-- HFpEF liver mouse 3R-L-32.jpg,4
_1016929-- HFpEF liver mouse 3R-L-33.jpg,4
_1016929-- HFpEF liver mouse 3R-L-34.jpg,4
_1016929-- HFpEF liver mouse 3R-L-35.jpg,4
_1016929-- HFpEF liver mouse 3R-L-36.jpg,4
_1016929-- HFpEF liver mouse 3R-L-37.jpg,4
_1016929-- HFpEF liver mouse 3R-L-38.jpg,4
_1016929-- HFpEF liver mouse 3R-L-39.jpg,4
_1016929-- HFpEF liver mouse 3R-L-4.jpg,4
_1016929-- HFpEF liver mouse 3R-L-5.jpg,4
_1016929-- HFpEF liver mouse 3R-L-6.jpg,4
_1016929-- HFpEF liver mouse 3R-L-7.jpg,4
_1016929-- HFpEF liver mouse 3R-L-8.jpg,4
_1016929-- HFpEF liver mouse 3R-L-9.jpg,4
